shape_number,point,x,y
0,0,190,387
0,1,190,387
0,2,190,388
0,3,190,388
0,4,190,388
0,5,190,388
0,6,190,388
0,7,190,389
0,8,190,389
0,9,190,389
0,10,190,389
0,11,190,390
0,12,190,390
0,13,190,391
0,14,190,392
0,15,190,392
0,16,191,393
0,17,191,393
0,18,191,394
0,19,191,394
0,20,192,396
0,21,192,397
0,22,192,397
0,23,192,397
0,24,192,397
0,25,193,398
0,26,193,399
0,27,193,401
0,28,193,401
0,29,194,402
0,30,194,402
0,31,194,403
0,32,195,405
0,33,195,405
0,34,195,405
0,35,195,407
0,36,195,407
0,37,195,408
0,38,196,409
0,39,196,410
0,40,197,412
0,41,198,414
0,42,198,415
0,43,198,416
0,44,199,418
0,45,199,419
0,46,201,421
0,47,201,422
0,48,201,422
0,49,201,424
0,50,203,427
0,51,203,429
0,52,204,431
0,53,205,432
0,54,206,437
0,55,206,437
0,56,208,441
0,57,209,443
0,58,210,445
0,59,212,449
0,60,212,449
0,61,213,452
0,62,214,455
0,63,215,458
0,64,216,460
0,65,217,463
0,66,218,465
0,67,220,468
0,68,221,471
0,69,222,474
0,70,225,481
0,71,225,484
0,72,227,487
0,73,228,489
0,74,229,494
0,75,230,497
0,76,233,503
0,77,234,509
0,78,237,515
0,79,240,520
0,80,240,525
0,81,242,530
0,82,244,533
0,83,246,538
0,84,248,544
0,85,251,553
0,86,252,556
0,87,254,560
0,88,256,565
0,89,257,569
0,90,261,578
0,91,263,583
0,92,265,587
0,93,267,593
0,94,270,602
0,95,272,608
0,96,274,611
0,97,276,617
0,98,277,621
0,99,280,632
0,100,282,635
0,101,284,641
0,102,287,648
0,103,289,654
0,104,291,659
0,105,295,668
0,106,296,672
0,107,298,677
0,108,300,681
0,109,304,690
0,110,304,693
0,111,306,698
0,112,308,701
0,113,310,709
0,114,312,711
0,115,314,719
0,116,315,721
0,117,317,724
0,118,317,726
0,119,320,732
0,120,321,735
0,121,323,739
0,122,324,741
0,123,326,745
0,124,326,746
0,125,329,750
0,126,329,751
0,127,331,755
0,128,331,756
0,129,332,759
0,130,333,759
0,131,333,761
0,132,333,762
0,133,334,763
0,134,334,763
0,135,334,764
0,136,335,764
0,137,335,766
0,138,335,766
0,139,335,766
0,140,335,766
0,141,335,767
0,142,335,767
0,143,335,767
0,144,335,767
0,145,335,767
0,146,335,767
0,147,335,767
0,148,335,767
0,149,335,767
0,150,335,767
0,151,335,767
0,152,335,767
0,153,335,767
0,154,335,767
0,155,335,767
0,156,336,767
0,157,336,767
0,158,336,766
0,159,336,765
0,160,337,764
0,161,337,764
0,162,338,763
0,163,338,761
0,164,339,757
0,165,340,755
0,166,342,751
0,167,344,747
0,168,346,745
0,169,349,739
0,170,350,737
0,171,353,731
0,172,355,728
0,173,358,720
0,174,360,717
0,175,363,710
0,176,367,704
0,177,369,699
0,178,372,691
0,179,375,687
0,180,380,679
0,181,381,674
0,182,385,666
0,183,391,656
0,184,393,651
0,185,397,643
0,186,399,637
0,187,403,627
0,188,408,618
0,189,409,615
0,190,414,604
0,191,419,594
0,192,420,591
0,193,424,580
0,194,427,576
0,195,431,566
0,196,436,557
0,197,441,548
0,198,443,544
0,199,447,534
0,200,452,525
0,201,453,522
0,202,457,514
0,203,461,505
0,204,464,500
0,205,468,494
0,206,470,490
0,207,475,481
0,208,477,475
0,209,480,469
0,210,482,465
0,211,484,460
0,212,487,455
0,213,490,450
0,214,490,448
0,215,492,445
0,216,494,441
0,217,495,439
0,218,497,437
0,219,498,435
0,220,499,434
0,221,500,433
0,222,501,431
0,223,501,431
0,224,501,430
0,225,501,430
0,226,502,430
0,227,502,430
0,228,502,430
0,229,502,430
0,230,502,430
0,231,502,430
0,232,502,430
0,233,502,430
0,234,502,430
0,235,502,430
0,236,502,430
0,237,502,430
0,238,502,430
0,239,502,430
0,240,502,430
0,241,502,430
0,242,502,430
0,243,502,430
0,244,502,431
0,245,504,433
0,246,504,434
0,247,505,437
0,248,506,441
0,249,506,444
0,250,508,449
0,251,508,451
0,252,510,454
0,253,511,461
0,254,511,465
0,255,512,469
0,256,513,474
0,257,514,479
0,258,514,484
0,259,516,489
0,260,517,494
0,261,518,499
0,262,520,504
0,263,520,509
0,264,523,516
0,265,523,521
0,266,525,526
0,267,527,532
0,268,529,538
0,269,531,544
0,270,532,549
0,271,533,554
0,272,536,560
0,273,537,565
0,274,539,570
0,275,541,573
0,276,543,578
0,277,545,581
0,278,546,585
0,279,548,588
0,280,549,590
0,281,550,592
0,282,552,593
0,283,553,595
0,284,554,595
0,285,555,596
0,286,555,597
0,287,556,597
0,288,556,598
0,289,557,598
0,290,558,598
0,291,558,598
0,292,558,598
0,293,558,598
0,294,558,598
0,295,558,598
0,296,558,598
0,297,558,598
0,298,558,598
0,299,559,598
0,300,559,598
0,301,559,598
0,302,560,597
0,303,561,596
0,304,562,594
0,305,563,592
0,306,566,589
0,307,568,587
0,308,569,584
0,309,570,582
0,310,573,579
0,311,575,576
0,312,577,573
0,313,581,568
0,314,583,564
0,315,584,561
0,316,589,554
0,317,592,550
0,318,595,546
0,319,599,540
0,320,602,534
0,321,606,530
0,322,608,524
0,323,611,519
0,324,614,514
1,325,312,328
1,326,311,337
1,327,311,343
1,328,311,349
1,329,311,359
1,330,311,366
1,331,311,372
1,332,311,382
1,333,311,389
1,334,311,396
1,335,310,408
1,336,310,414
1,337,310,422
1,338,311,433
1,339,311,441
1,340,311,448
1,341,312,458
1,342,313,468
1,343,314,475
1,344,314,485
1,345,315,493
1,346,316,500
1,347,317,509
1,348,317,514
1,349,318,521
1,350,319,528
1,351,320,534
1,352,321,540
1,353,324,548
1,354,324,554
1,355,325,558
1,356,327,566
1,357,327,569
1,358,330,576
1,359,330,579
1,360,331,583
1,361,333,588
1,362,334,591
1,363,335,594
1,364,336,597
1,365,338,600
1,366,338,601
1,367,340,604
1,368,341,604
1,369,342,606
1,370,343,606
1,371,344,606
1,372,344,606
1,373,344,606
1,374,345,606
1,375,345,606
1,376,346,606
1,377,347,606
1,378,348,606
1,379,349,606
1,380,351,604
1,381,352,603
1,382,356,600
1,383,359,598
1,384,364,593
1,385,366,590
1,386,372,586
1,387,375,582
1,388,380,578
1,389,385,572
1,390,389,567
1,391,394,561
1,392,397,556
1,393,404,550
1,394,410,543
1,395,416,536
1,396,421,530
1,397,425,526
1,398,431,518
1,399,437,510
1,400,440,506
1,401,448,494
1,402,452,489
1,403,457,481
1,404,461,475
1,405,465,467
1,406,469,459
1,407,472,453
1,408,478,444
1,409,483,437
1,410,486,429
1,411,489,425
1,412,491,419
1,413,494,416
1,414,496,411
1,415,497,409
1,416,499,407
1,417,500,405
1,418,500,405
1,419,501,405
1,420,501,404
1,421,501,404
1,422,501,404
1,423,501,404
1,424,501,404
1,425,501,404
1,426,501,404
1,427,501,404
1,428,501,404
1,429,501,404
1,430,501,404
1,431,501,404
1,432,501,405
1,433,501,406
1,434,501,408
1,435,501,411
1,436,501,417
1,437,501,423
1,438,501,432
1,439,502,439
1,440,502,447
1,441,502,455
1,442,502,464
1,443,502,473
1,444,502,482
1,445,503,491
1,446,504,501
1,447,504,511
1,448,504,516
1,449,505,528
1,450,507,537
1,451,508,544
1,452,511,555
1,453,513,565
1,454,516,575
1,455,518,584
1,456,521,592
1,457,526,604
1,458,529,611
1,459,532,620
1,460,537,626
1,461,543,633
1,462,546,637
1,463,549,640
1,464,553,642
1,465,556,643
1,466,560,644
1,467,564,646
1,468,567,647
1,469,570,648
1,470,574,648
1,471,578,648
1,472,582,647
1,473,587,644
1,474,590,642
1,475,596,636
1,476,603,630
1,477,613,622
1,478,623,612
1,479,635,601
1,480,648,587
1,481,660,574
1,482,673,561
1,483,686,545
1,484,699,530
1,485,709,518
1,486,721,501
1,487,732,485
1,488,748,461
1,489,756,450
1,490,769,430
1,491,781,411
1,492,791,391
1,493,806,366
1,494,816,349
1,495,826,331
1,496,832,318
1,497,843,297
1,498,852,281
1,499,859,264
2,500,119,286
2,501,120,293
2,502,121,299
2,503,121,306
2,504,122,313
2,505,123,320
2,506,124,327
2,507,125,337
2,508,126,346
2,509,127,354
2,510,128,364
2,511,129,374
2,512,130,384
2,513,130,394
2,514,132,407
2,515,134,424
2,516,136,439
2,517,138,456
2,518,139,469
2,519,139,481
2,520,142,495
2,521,144,511
2,522,146,524
2,523,148,536
2,524,150,546
2,525,152,555
2,526,153,569
2,527,155,577
2,528,155,584
2,529,157,591
2,530,158,597
2,531,161,605
2,532,163,610
2,533,163,614
2,534,164,617
2,535,165,618
2,536,166,620
2,537,166,620
2,538,167,620
2,539,167,620
2,540,167,620
2,541,169,620
2,542,170,618
2,543,174,614
2,544,180,606
2,545,185,596
2,546,192,584
2,547,200,569
2,548,207,556
2,549,217,542
2,550,224,529
2,551,231,520
2,552,240,507
2,553,246,497
2,554,254,485
2,555,258,476
2,556,265,463
2,557,271,453
2,558,274,445
2,559,278,432
2,560,282,423
2,561,285,413
2,562,288,404
2,563,290,399
2,564,292,388
2,565,294,383
2,566,296,378
2,567,296,374
2,568,297,370
2,569,299,368
2,570,299,366
2,571,299,366
2,572,299,366
2,573,299,366
2,574,299,366
2,575,299,366
2,576,299,366
2,577,299,366
2,578,299,366
2,579,299,366
2,580,299,366
2,581,299,366
2,582,299,366
2,583,299,368
2,584,299,370
2,585,300,374
2,586,301,380
2,587,301,384
2,588,302,391
2,589,305,400
2,590,307,407
2,591,308,414
2,592,311,426
2,593,314,436
2,594,316,444
2,595,320,454
2,596,324,467
2,597,328,475
2,598,334,490
2,599,338,499
2,600,343,509
2,601,347,517
2,602,352,525
2,603,356,530
2,604,359,535
2,605,365,541
2,606,370,545
2,607,376,547
2,608,384,552
2,609,390,554
2,610,394,554
2,611,399,554
2,612,406,554
2,613,413,553
2,614,420,551
2,615,425,548
2,616,431,544
2,617,438,538
2,618,445,533
2,619,452,529
2,620,458,522
2,621,465,516
2,622,474,507
2,623,478,501
2,624,486,490
2,625,492,482
2,626,499,471
2,627,504,460
2,628,508,452
2,629,513,440
2,630,517,431
2,631,520,420
2,632,521,412
2,633,524,403
2,634,525,396
2,635,526,393
2,636,527,390
3,637,25,46
3,638,25,46
3,639,25,47
3,640,25,49
3,641,26,50
3,642,26,51
3,643,26,53
3,644,28,56
3,645,28,58
3,646,29,61
3,647,30,64
3,648,31,69
3,649,31,72
3,650,31,75
3,651,33,80
3,652,34,85
3,653,35,91
3,654,36,94
3,655,36,100
3,656,37,104
3,657,38,110
3,658,40,115
3,659,42,122
3,660,44,127
3,661,46,132
3,662,50,138
3,663,52,142
3,664,53,144
3,665,54,148
3,666,56,152
3,667,56,153
3,668,58,156
3,669,59,158
3,670,60,160
3,671,61,160
3,672,62,162
3,673,62,162
3,674,63,163
3,675,63,163
3,676,63,163
3,677,63,163
3,678,64,163
3,679,65,163
3,680,67,160
3,681,71,157
3,682,75,153
3,683,79,149
3,684,85,142
3,685,90,136
3,686,96,128
3,687,100,123
3,688,106,116
3,689,112,110
3,690,114,104
3,691,122,97
3,692,127,90
3,693,131,85
3,694,135,79
3,695,138,74
3,696,141,70
3,697,144,67
3,698,146,64
3,699,147,61
3,700,149,59
3,701,150,57
3,702,151,57
3,703,151,56
3,704,151,55
3,705,151,55
3,706,151,55
3,707,151,55
3,708,151,55
3,709,151,55
3,710,151,55
3,711,151,56
3,712,151,57
3,713,152,60
3,714,152,63
3,715,154,68
3,716,154,73
3,717,155,79
3,718,156,84
3,719,156,91
3,720,157,97
3,721,158,104
3,722,159,110
3,723,161,117
3,724,161,123
3,725,164,129
3,726,164,133
3,727,166,137
3,728,167,139
3,729,168,140
3,730,168,141
3,731,169,141
3,732,170,141
3,733,170,141
3,734,170,141
3,735,170,141
3,736,171,141
3,737,173,139
3,738,177,135
3,739,181,130
3,740,186,125
3,741,191,119
3,742,197,114
3,743,203,108
3,744,208,103
3,745,212,97
3,746,215,92
3,747,221,86
3,748,224,81
3,749,227,77
3,750,230,72
3,751,234,66
3,752,236,61
3,753,238,57
3,754,239,55
3,755,240,53
3,756,241,51
3,757,241,51
4,758,316,55
4,759,316,57
4,760,316,58
4,761,317,61
4,762,318,64
4,763,319,67
4,764,320,70
4,765,321,73
4,766,321,77
4,767,323,81
4,768,324,86
4,769,326,92
4,770,326,96
4,771,327,102
4,772,329,108
4,773,329,112
4,774,331,118
4,775,333,125
4,776,335,128
4,777,335,131
4,778,336,133
4,779,337,135
4,780,338,136
4,781,338,137
4,782,338,137
4,783,338,137
4,784,338,137
4,785,338,137
4,786,338,137
4,787,338,137
4,788,338,137
4,789,339,137
4,790,339,137
4,791,340,137
4,792,342,134
4,793,344,133
4,794,347,130
4,795,350,127
4,796,354,123
4,797,359,120
4,798,364,114
4,799,368,108
4,800,374,101
4,801,378,95
4,802,384,88
4,803,389,80
4,804,393,75
4,805,398,68
4,806,401,63
4,807,404,59
4,808,406,54
4,809,409,52
4,810,410,49
4,811,412,47
4,812,413,47
4,813,413,46
4,814,413,46
4,815,413,46
4,816,413,46
4,817,413,46
4,818,413,46
4,819,413,46
4,820,413,46
4,821,413,48
4,822,414,51
4,823,415,53
4,824,416,58
4,825,418,62
4,826,419,67
4,827,420,73
4,828,423,78
4,829,427,87
4,830,428,92
4,831,432,100
4,832,434,105
4,833,438,112
4,834,440,117
4,835,442,121
4,836,444,126
4,837,446,128
4,838,447,130
4,839,449,131
4,840,450,132
4,841,451,132
4,842,451,132
4,843,451,132
4,844,453,132
4,845,455,132
4,846,457,129
4,847,461,126
4,848,465,122
4,849,471,117
4,850,476,112
4,851,482,106
4,852,488,99
4,853,493,92
4,854,500,84
4,855,505,80
4,856,509,72
4,857,514,66
4,858,517,62
4,859,520,57
4,860,523,52
4,861,525,50
4,862,528,46
4,863,529,45
4,864,530,42
4,865,531,42
4,866,532,40
4,867,532,40
5,868,657,63
5,869,660,67
5,870,662,72
5,871,666,79
5,872,669,86
5,873,673,93
5,874,675,100
5,875,679,108
5,876,683,114
5,877,686,122
5,878,688,128
5,879,691,135
5,880,693,140
5,881,695,145
5,882,697,148
5,883,699,153
5,884,701,157
5,885,703,160
5,886,704,162
5,887,705,163
5,888,705,164
5,889,705,164
5,890,705,164
5,891,706,164
5,892,707,164
5,893,708,162
5,894,711,157
5,895,717,148
5,896,722,142
5,897,728,132
5,898,736,122
5,899,743,111
5,900,749,101
5,901,756,93
5,902,762,83
5,903,767,75
5,904,772,67
5,905,777,61
5,906,780,55
5,907,783,51
5,908,785,48
5,909,785,46
5,910,786,46
5,911,786,46
5,912,786,46
5,913,786,46
5,914,786,46
5,915,786,46
5,916,786,46
5,917,786,47
5,918,787,50
5,919,787,53
5,920,787,59
5,921,787,69
5,922,787,78
5,923,788,88
5,924,789,97
5,925,789,107
5,926,790,116
5,927,790,124
5,928,791,132
5,929,792,137
5,930,793,143
5,931,794,147
5,932,795,150
5,933,796,152
5,934,796,153
5,935,796,153
5,936,796,153
5,937,796,153
5,938,796,153
5,939,797,153
5,940,799,152
5,941,800,151
5,942,803,148
5,943,806,145
5,944,812,140
5,945,815,137
5,946,823,130
5,947,827,125
5,948,834,120
5,949,839,114
5,950,846,108
5,951,850,103
5,952,854,98
5,953,858,92
5,954,862,86
5,955,865,82
5,956,866,78
5,957,868,74
6,958,73,260
6,959,73,264
6,960,73,268
6,961,73,273
6,962,73,278
6,963,73,284
6,964,73,290
6,965,73,297
6,966,73,305
6,967,73,314
6,968,74,325
6,969,76,337
6,970,77,350
6,971,80,365
6,972,82,373
6,973,84,382
6,974,87,389
6,975,89,395
6,976,91,399
6,977,92,401
6,978,94,403
6,979,95,403
6,980,95,403
6,981,96,403
6,982,97,403
6,983,99,402
6,984,105,397
6,985,110,392
6,986,117,384
6,987,126,377
6,988,134,368
6,989,141,359
6,990,150,350
6,991,157,340
6,992,166,330
6,993,173,321
6,994,178,312
6,995,182,304
6,996,186,297
6,997,188,292
6,998,190,289
6,999,191,287
6,1000,191,286
6,1001,191,286
6,1002,191,286
6,1003,191,286
6,1004,191,286
6,1005,191,286
6,1006,191,286
6,1007,191,286
6,1008,192,289
6,1009,192,293
6,1010,192,299
6,1011,192,306
6,1012,193,314
6,1013,193,321
6,1014,193,329
6,1015,194,337
6,1016,194,346
6,1017,195,356
6,1018,196,362
6,1019,196,368
6,1020,196,375
6,1021,197,379
6,1022,198,382
6,1023,198,383
6,1024,199,386
6,1025,200,387
6,1026,201,388
6,1027,202,389
6,1028,202,389
6,1029,203,389
6,1030,207,388
6,1031,211,386
6,1032,217,382
6,1033,224,378
6,1034,233,370
6,1035,244,360
6,1036,254,354
6,1037,263,345
6,1038,273,333
6,1039,280,323
6,1040,287,314
6,1041,294,302
6,1042,298,293
6,1043,301,285
6,1044,304,278
7,1045,357,289
7,1046,357,291
7,1047,357,295
7,1048,357,300
7,1049,358,306
7,1050,360,313
7,1051,362,322
7,1052,363,328
7,1053,364,336
7,1054,366,345
7,1055,367,353
7,1056,369,365
7,1057,371,372
7,1058,374,383
7,1059,377,391
7,1060,379,398
7,1061,383,403
7,1062,385,407
7,1063,388,409
7,1064,389,410
7,1065,389,410
7,1066,389,410
7,1067,389,410
7,1068,390,409
7,1069,392,405
7,1070,394,397
7,1071,397,389
7,1072,401,380
7,1073,403,370
7,1074,408,362
7,1075,412,352
7,1076,414,344
7,1077,419,334
7,1078,421,326
7,1079,423,318
7,1080,427,309
7,1081,431,301
7,1082,433,294
7,1083,434,289
7,1084,436,286
7,1085,438,283
7,1086,438,282
7,1087,440,282
7,1088,440,282
7,1089,440,282
7,1090,440,282
7,1091,440,282
7,1092,440,282
7,1093,440,282
7,1094,441,285
7,1095,442,290
7,1096,444,296
7,1097,445,302
7,1098,448,310
7,1099,451,320
7,1100,453,330
7,1101,456,340
7,1102,460,350
7,1103,465,363
7,1104,469,373
7,1105,472,379
7,1106,476,386
7,1107,477,389
7,1108,479,392
7,1109,480,394
7,1110,482,395
7,1111,482,395
7,1112,482,395
7,1113,482,395
7,1114,482,395
7,1115,483,395
7,1116,484,395
7,1117,486,395
7,1118,488,394
7,1119,491,390
7,1120,493,385
7,1121,500,377
7,1122,504,371
7,1123,509,363
7,1124,512,356
7,1125,514,348
7,1126,517,341
8,1127,614,299
8,1128,617,306
8,1129,619,312
8,1130,623,321
8,1131,626,332
8,1132,630,344
8,1133,634,357
8,1134,640,370
8,1135,645,384
8,1136,649,394
8,1137,655,406
8,1138,659,414
8,1139,663,421
8,1140,666,426
8,1141,670,430
8,1142,673,433
8,1143,676,434
8,1144,677,434
8,1145,679,434
8,1146,681,434
8,1147,684,433
8,1148,687,429
8,1149,692,422
8,1150,697,417
8,1151,704,407
8,1152,711,396
8,1153,719,386
8,1154,727,375
8,1155,734,364
8,1156,741,352
8,1157,749,341
8,1158,754,330
8,1159,760,322
8,1160,763,315
8,1161,766,311
8,1162,766,309
8,1163,767,308
8,1164,767,308
8,1165,767,308
8,1166,767,308
8,1167,767,308
8,1168,767,308
8,1169,767,308
8,1170,768,311
8,1171,769,316
8,1172,770,322
8,1173,772,329
8,1174,773,337
8,1175,774,344
8,1176,778,353
8,1177,780,361
8,1178,782,366
8,1179,783,369
8,1180,784,370
8,1181,785,371
8,1182,785,371
8,1183,785,371
8,1184,786,371
8,1185,788,371
8,1186,793,371
8,1187,798,370
8,1188,805,367
8,1189,812,363
8,1190,818,359
8,1191,825,353
8,1192,833,349
8,1193,839,345
8,1194,844,340
8,1195,846,338
8,1196,848,335
8,1197,848,333
9,1198,48,501
9,1199,49,505
9,1200,49,510
9,1201,49,515
9,1202,49,521
9,1203,49,528
9,1204,49,536
9,1205,49,544
9,1206,51,553
9,1207,51,562
9,1208,53,573
9,1209,55,582
9,1210,56,590
9,1211,59,597
9,1212,61,602
9,1213,62,606
9,1214,64,607
9,1215,64,607
9,1216,64,607
9,1217,65,607
9,1218,68,603
9,1219,75,592
9,1220,83,579
9,1221,91,570
9,1222,101,556
9,1223,112,541
9,1224,121,527
9,1225,127,515
9,1226,134,505
9,1227,139,496
9,1228,144,486
9,1229,146,482
9,1230,147,480
9,1231,147,480
9,1232,147,480
9,1233,147,480
9,1234,147,480
9,1235,147,480
9,1236,147,483
9,1237,148,487
9,1238,149,491
9,1239,150,497
9,1240,150,504
9,1241,152,511
9,1242,153,519
9,1243,154,528
9,1244,156,536
9,1245,157,543
9,1246,158,548
9,1247,160,554
9,1248,163,558
9,1249,164,561
9,1250,166,563
9,1251,167,565
9,1252,168,566
9,1253,169,566
9,1254,171,567
9,1255,172,567
9,1256,176,566
9,1257,182,562
9,1258,190,555
9,1259,204,547
9,1260,215,537
9,1261,226,527
9,1262,238,513
9,1263,249,498
9,1264,257,486
9,1265,263,475
9,1266,267,463
9,1267,270,456
9,1268,272,453
9,1269,272,452
9,1270,272,451
10,1271,334,464
10,1272,334,466
10,1273,334,469
10,1274,335,473
10,1275,335,479
10,1276,335,484
10,1277,336,492
10,1278,337,500
10,1279,337,509
10,1280,339,522
10,1281,342,534
10,1282,345,548
10,1283,349,563
10,1284,353,572
10,1285,358,582
10,1286,360,587
10,1287,363,592
10,1288,364,594
10,1289,365,595
10,1290,365,595
10,1291,365,595
10,1292,365,595
10,1293,367,594
10,1294,369,589
10,1295,374,582
10,1296,377,575
10,1297,382,566
10,1298,387,555
10,1299,394,544
10,1300,400,532
10,1301,404,521
10,1302,408,507
10,1303,410,498
10,1304,412,492
10,1305,413,488
10,1306,414,485
10,1307,415,484
10,1308,415,483
10,1309,415,483
10,1310,415,483
10,1311,415,483
10,1312,415,483
10,1313,415,483
10,1314,415,484
10,1315,416,489
10,1316,417,497
10,1317,418,507
10,1318,419,517
10,1319,420,529
10,1320,421,540
10,1321,424,553
10,1322,427,564
10,1323,430,575
10,1324,433,582
10,1325,436,588
10,1326,439,591
10,1327,440,592
10,1328,440,592
10,1329,441,592
10,1330,443,591
10,1331,446,586
10,1332,453,577
10,1333,458,569
10,1334,463,560
10,1335,472,548
10,1336,479,537
10,1337,484,528
10,1338,489,518
10,1339,493,507
10,1340,497,500
10,1341,500,492
10,1342,502,488
10,1343,503,487
11,1344,561,473
11,1345,564,477
11,1346,567,484
11,1347,570,492
11,1348,572,501
11,1349,577,512
11,1350,582,525
11,1351,587,542
11,1352,591,555
11,1353,596,571
11,1354,602,585
11,1355,607,597
11,1356,614,611
11,1357,620,622
11,1358,625,628
11,1359,631,633
11,1360,634,634
11,1361,635,634
11,1362,637,634
11,1363,637,634
11,1364,639,631
11,1365,642,626
11,1366,648,616
11,1367,652,605
11,1368,658,593
11,1369,663,580
11,1370,669,570
11,1371,674,559
11,1372,680,548
11,1373,683,539
11,1374,688,527
11,1375,691,519
11,1376,694,510
11,1377,697,505
11,1378,699,503
11,1379,699,501
11,1380,700,501
11,1381,700,501
11,1382,700,501
11,1383,700,501
11,1384,700,501
11,1385,700,502
11,1386,700,505
11,1387,702,513
11,1388,706,525
11,1389,710,540
11,1390,715,555
11,1391,721,574
11,1392,727,586
11,1393,732,597
11,1394,736,604
11,1395,738,608
11,1396,740,610
11,1397,743,612
11,1398,743,613
11,1399,746,613
11,1400,748,614
11,1401,753,614
11,1402,758,614
11,1403,766,612
11,1404,774,609
11,1405,781,605
11,1406,787,600
11,1407,795,594
11,1408,797,589
11,1409,800,582
11,1410,801,574
11,1411,804,566
11,1412,806,555
11,1413,807,546
11,1414,809,539
11,1415,810,535
11,1416,810,535
11,1417,810,534
11,1418,810,534
12,1419,47,675
12,1420,47,677
12,1421,47,680
12,1422,47,684
12,1423,47,688
12,1424,47,694
12,1425,47,700
12,1426,47,710
12,1427,47,720
12,1428,48,731
12,1429,49,744
12,1430,50,757
12,1431,51,771
12,1432,53,783
12,1433,55,794
12,1434,57,803
12,1435,59,807
12,1436,60,809
12,1437,61,810
12,1438,61,810
12,1439,61,810
12,1440,61,810
12,1441,61,810
12,1442,63,809
12,1443,64,808
12,1444,67,803
12,1445,71,797
12,1446,75,789
12,1447,80,780
12,1448,86,770
12,1449,93,758
12,1450,99,746
12,1451,104,737
12,1452,108,726
12,1453,112,717
12,1454,115,710
12,1455,117,707
12,1456,117,704
12,1457,118,702
12,1458,119,702
12,1459,119,702
12,1460,119,701
12,1461,119,701
12,1462,119,701
12,1463,119,702
12,1464,119,707
12,1465,122,716
12,1466,125,729
12,1467,129,742
12,1468,132,755
12,1469,138,768
12,1470,143,781
12,1471,149,793
12,1472,152,798
12,1473,156,801
12,1474,157,802
12,1475,157,802
12,1476,159,802
12,1477,161,802
12,1478,163,800
12,1479,169,793
12,1480,174,784
12,1481,182,772
12,1482,190,759
12,1483,196,749
12,1484,201,740
12,1485,205,729
12,1486,206,722
12,1487,207,713
12,1488,209,708
12,1489,210,704
13,1490,293,691
13,1491,293,691
13,1492,293,691
13,1493,293,693
13,1494,293,697
13,1495,294,703
13,1496,294,710
13,1497,295,717
13,1498,297,727
13,1499,298,738
13,1500,302,749
13,1501,304,761
13,1502,309,775
13,1503,312,787
13,1504,317,798
13,1505,323,809
13,1506,328,818
13,1507,331,822
13,1508,333,825
13,1509,334,825
13,1510,334,825
13,1511,334,825
13,1512,334,825
13,1513,336,822
13,1514,339,817
13,1515,343,809
13,1516,349,801
13,1517,356,791
13,1518,362,781
13,1519,369,769
13,1520,375,756
13,1521,382,742
13,1522,387,728
13,1523,390,716
13,1524,393,708
13,1525,395,703
13,1526,396,701
13,1527,397,699
13,1528,397,698
13,1529,397,698
13,1530,397,698
13,1531,397,698
13,1532,398,698
13,1533,399,702
13,1534,400,706
13,1535,404,715
13,1536,408,724
13,1537,411,736
13,1538,415,746
13,1539,419,758
13,1540,425,771
13,1541,429,782
13,1542,433,792
13,1543,437,798
13,1544,439,802
13,1545,441,804
13,1546,442,805
13,1547,444,805
13,1548,446,805
13,1549,450,803
13,1550,455,797
13,1551,464,788
13,1552,475,776
13,1553,486,766
13,1554,497,750
13,1555,505,738
13,1556,512,723
13,1557,515,711
13,1558,519,696
13,1559,521,683
13,1560,523,674
13,1561,523,670
13,1562,523,670
13,1563,523,670
13,1564,523,670
14,1565,597,691
14,1566,598,694
14,1567,598,698
14,1568,599,702
14,1569,601,709
14,1570,603,717
14,1571,605,725
14,1572,609,737
14,1573,613,749
14,1574,618,760
14,1575,621,771
14,1576,625,780
14,1577,628,788
14,1578,631,794
14,1579,634,799
14,1580,636,803
14,1581,637,804
14,1582,637,804
14,1583,637,804
14,1584,637,804
14,1585,638,804
14,1586,639,803
14,1587,641,799
14,1588,644,793
14,1589,648,786
14,1590,653,779
14,1591,658,771
14,1592,664,762
14,1593,669,752
14,1594,675,742
14,1595,681,731
14,1596,687,719
14,1597,692,710
14,1598,696,703
14,1599,699,700
14,1600,700,699
14,1601,700,699
14,1602,700,699
14,1603,700,699
14,1604,700,699
14,1605,701,700
14,1606,702,706
14,1607,705,718
14,1608,708,731
14,1609,711,743
14,1610,716,759
14,1611,720,771
14,1612,724,781
14,1613,727,787
14,1614,729,791
14,1615,731,793
14,1616,731,793
14,1617,732,793
14,1618,732,793
14,1619,734,793
14,1620,738,791
14,1621,746,786
14,1622,758,779
14,1623,770,771
14,1624,786,760
14,1625,798,748
14,1626,810,736
14,1627,815,723
14,1628,818,713
14,1629,820,706
14,1630,820,704
14,1631,820,703
14,1632,820,703
15,1633,37,887
15,1634,39,889
15,1635,40,893
15,1636,42,897
15,1637,45,903
15,1638,46,909
15,1639,50,917
15,1640,55,927
15,1641,59,937
15,1642,64,947
15,1643,69,958
15,1644,74,967
15,1645,79,974
15,1646,83,977
15,1647,85,978
15,1648,86,978
15,1649,87,978
15,1650,89,978
15,1651,91,975
15,1652,96,968
15,1653,101,961
15,1654,106,952
15,1655,110,944
15,1656,116,935
15,1657,121,924
15,1658,126,914
15,1659,130,904
15,1660,133,894
15,1661,135,887
15,1662,136,882
15,1663,138,880
15,1664,138,879
15,1665,138,879
15,1666,138,879
15,1667,139,879
15,1668,140,884
15,1669,141,893
15,1670,143,903
15,1671,146,914
15,1672,151,929
15,1673,153,939
15,1674,156,947
15,1675,160,955
15,1676,162,958
15,1677,163,958
15,1678,164,958
15,1679,165,958
15,1680,166,958
15,1681,172,954
15,1682,177,948
15,1683,184,940
15,1684,193,931
15,1685,204,920
15,1686,212,908
15,1687,220,898
15,1688,227,886
15,1689,232,874
15,1690,234,864
15,1691,235,857
15,1692,236,854
15,1693,236,853
15,1694,236,853
15,1695,236,853
15,1696,236,853
16,1697,322,832
16,1698,322,832
16,1699,322,833
16,1700,322,835
16,1701,322,838
16,1702,322,842
16,1703,323,847
16,1704,324,854
16,1705,326,862
16,1706,329,872
16,1707,331,884
16,1708,335,897
16,1709,341,911
16,1710,344,921
16,1711,348,931
16,1712,351,937
16,1713,352,939
16,1714,354,940
16,1715,354,940
16,1716,354,940
16,1717,355,940
16,1718,355,940
16,1719,355,940
16,1720,356,940
16,1721,356,940
16,1722,358,939
16,1723,359,936
16,1724,362,932
16,1725,365,928
16,1726,370,919
16,1727,374,912
16,1728,378,902
16,1729,383,888
16,1730,388,875
16,1731,392,862
16,1732,395,854
16,1733,397,848
16,1734,399,843
16,1735,399,841
16,1736,399,840
16,1737,399,840
16,1738,399,840
16,1739,399,840
16,1740,399,840
16,1741,399,840
16,1742,399,840
16,1743,400,840
16,1744,401,843
16,1745,403,849
16,1746,406,857
16,1747,408,867
16,1748,412,878
16,1749,417,891
16,1750,419,901
16,1751,423,912
16,1752,426,921
16,1753,430,929
16,1754,433,936
16,1755,436,940
16,1756,437,941
16,1757,437,941
16,1758,437,941
16,1759,438,941
16,1760,438,941
16,1761,439,941
16,1762,442,935
16,1763,445,929
16,1764,449,920
16,1765,454,909
16,1766,460,898
16,1767,464,883
16,1768,467,872
16,1769,470,857
16,1770,472,848
16,1771,475,839
16,1772,476,833
16,1773,477,830
16,1774,477,830
16,1775,477,830
16,1776,477,830
16,1777,477,830
16,1778,477,830
16,1779,477,830
16,1780,477,830
17,1781,582,842
17,1782,582,842
17,1783,582,842
17,1784,583,845
17,1785,585,851
17,1786,588,859
17,1787,592,871
17,1788,596,883
17,1789,602,896
17,1790,607,906
17,1791,611,920
17,1792,618,933
17,1793,623,944
17,1794,627,953
17,1795,630,958
17,1796,632,960
17,1797,632,960
17,1798,632,960
17,1799,632,960
17,1800,633,960
17,1801,635,956
17,1802,638,949
17,1803,643,942
17,1804,649,934
17,1805,656,924
17,1806,661,913
17,1807,667,903
17,1808,673,891
17,1809,678,879
17,1810,684,867
17,1811,690,853
17,1812,694,844
17,1813,698,837
17,1814,699,833
17,1815,699,832
17,1816,699,832
17,1817,699,832
17,1818,699,832
17,1819,700,833
17,1820,701,839
17,1821,702,847
17,1822,704,861
17,1823,707,877
17,1824,710,893
17,1825,712,907
17,1826,715,918
17,1827,718,925
17,1828,720,931
17,1829,721,932
17,1830,721,933
17,1831,721,933
17,1832,721,933
17,1833,722,933
17,1834,724,928
17,1835,728,920
17,1836,733,910
17,1837,738,898
17,1838,743,885
17,1839,747,873
17,1840,750,859
17,1841,753,849
18,1842,731,863
18,1843,733,867
18,1844,735,872
18,1845,737,878
18,1846,741,886
18,1847,747,895
18,1848,752,905
18,1849,759,914
18,1850,766,923
18,1851,772,930
18,1852,778,935
18,1853,781,937
18,1854,782,938
18,1855,782,938
18,1856,782,938
18,1857,782,938
18,1858,784,936
18,1859,785,929
18,1860,788,918
18,1861,791,904
18,1862,793,891
18,1863,797,879
18,1864,800,867
18,1865,801,858
18,1866,802,854
18,1867,803,853
18,1868,803,853
18,1869,803,853
18,1870,803,853
18,1871,803,853
18,1872,803,854
18,1873,804,858
18,1874,805,864
18,1875,807,872
18,1876,808,882
18,1877,812,892
18,1878,815,903
18,1879,818,910
18,1880,822,916
18,1881,825,921
18,1882,828,924
18,1883,831,927
18,1884,832,927
18,1885,833,927
18,1886,833,927
18,1887,835,927
18,1888,838,923
18,1889,842,915
18,1890,844,906
18,1891,847,897
18,1892,850,888
18,1893,851,879
18,1894,851,870
18,1895,852,866
18,1896,852,864
18,1897,852,862
19,1898,39,167
19,1899,39,169
19,1900,39,175
19,1901,41,182
19,1902,44,194
19,1903,47,210
19,1904,52,233
19,1905,57,259
19,1906,62,288
19,1907,70,329
19,1908,80,371
19,1909,89,413
19,1910,99,457
19,1911,108,499
19,1912,120,551
19,1913,133,600
19,1914,143,643
19,1915,159,692
19,1916,173,732
19,1917,190,777
19,1918,207,813
19,1919,218,842
19,1920,226,858
19,1921,231,873
19,1922,235,879
19,1923,235,880
19,1924,235,880
19,1925,235,880
19,1926,235,880
19,1927,235,880
19,1928,236,880
19,1929,238,872
19,1930,240,858
19,1931,249,832
19,1932,262,793
19,1933,277,746
19,1934,300,675
19,1935,315,614
19,1936,334,552
19,1937,353,483
19,1938,366,426
19,1939,378,366
19,1940,387,310
19,1941,391,272
19,1942,394,244
19,1943,396,230
19,1944,396,226
19,1945,396,225
19,1946,396,225
19,1947,396,225
19,1948,396,225
19,1949,396,225
19,1950,396,225
19,1951,397,225
19,1952,397,229
19,1953,400,239
19,1954,406,258
19,1955,417,293
19,1956,429,333
19,1957,444,392
19,1958,461,455
19,1959,478,526
19,1960,496,587
19,1961,509,648
19,1962,525,705
19,1963,536,747
19,1964,551,789
19,1965,562,816
19,1966,569,835
19,1967,574,843
19,1968,575,845
19,1969,575,845
19,1970,575,845
19,1971,575,845
19,1972,576,845
19,1973,576,844
19,1974,578,837
19,1975,585,818
19,1976,594,789
19,1977,605,744
19,1978,621,685
19,1979,633,622
19,1980,652,546
19,1981,667,463
19,1982,682,384
19,1983,698,305
19,1984,708,243
19,1985,716,182
19,1986,724,135
19,1987,728,101
19,1988,729,84
19,1989,729,79
19,1990,729,79
19,1991,729,79
19,1992,729,79
19,1993,729,79
20,1994,34,67
20,1995,35,79
20,1996,37,97
20,1997,40,125
20,1998,43,151
20,1999,46,176
20,2000,51,198
20,2001,57,219
20,2002,64,234
20,2003,70,244
20,2004,74,250
20,2005,77,252
20,2006,79,252
20,2007,83,250
20,2008,101,232
20,2009,128,198
20,2010,160,157
20,2011,193,112
20,2012,219,75
20,2013,235,53
20,2014,244,42
20,2015,246,40
20,2016,246,40
20,2017,246,40
20,2018,246,42
20,2019,246,58
20,2020,247,81
20,2021,249,104
20,2022,251,131
20,2023,252,154
20,2024,255,173
20,2025,258,191
20,2026,262,201
20,2027,266,207
20,2028,268,208
20,2029,268,208
20,2030,271,206
20,2031,285,189
20,2032,310,160
20,2033,338,129
20,2034,365,95
20,2035,387,65
20,2036,404,42
20,2037,416,24
20,2038,420,19
20,2039,420,18
20,2040,420,18
21,2041,198,263
21,2042,200,269
21,2043,205,285
21,2044,212,314
21,2045,222,357
21,2046,232,417
21,2047,243,478
21,2048,255,527
21,2049,267,573
21,2050,278,604
21,2051,284,619
21,2052,288,624
21,2053,289,624
21,2054,289,624
21,2055,292,618
21,2056,307,589
21,2057,332,543
21,2058,368,480
21,2059,395,415
21,2060,418,356
21,2061,435,318
21,2062,446,301
21,2063,450,297
21,2064,451,297
21,2065,451,297
21,2066,451,297
21,2067,451,299
21,2068,454,312
21,2069,458,335
21,2070,464,369
21,2071,474,412
21,2072,488,456
21,2073,501,498
21,2074,515,527
21,2075,523,541
21,2076,528,548
21,2077,530,550
21,2078,532,551
21,2079,535,551
21,2080,539,550
21,2081,545,545
21,2082,555,534
21,2083,566,517
21,2084,578,494
22,2085,553,93
22,2086,555,103
22,2087,557,118
22,2088,560,143
22,2089,565,175
22,2090,571,207
22,2091,576,242
22,2092,580,273
22,2093,584,297
22,2094,586,314
22,2095,587,322
22,2096,587,325
22,2097,587,325
22,2098,587,325
22,2099,588,325
22,2100,590,320
22,2101,595,302
22,2102,605,275
22,2103,620,231
22,2104,632,194
22,2105,643,152
22,2106,652,122
22,2107,661,100
22,2108,667,89
22,2109,668,87
22,2110,668,87
22,2111,668,87
22,2112,668,90
22,2113,671,103
22,2114,676,125
22,2115,682,151
22,2116,693,183
22,2117,702,215
22,2118,709,237
22,2119,717,251
22,2120,722,259
22,2121,724,261
22,2122,724,261
22,2123,724,261
22,2124,726,260
22,2125,734,250
22,2126,746,230
22,2127,762,197
22,2128,777,154
22,2129,791,106
22,2130,799,59
22,2131,803,18
22,2132,806,-8
22,2133,808,-21
22,2134,809,-23
22,2135,809,-23
23,2136,442,542
23,2137,444,543
23,2138,446,547
23,2139,451,559
23,2140,459,579
23,2141,473,613
23,2142,485,649
23,2143,502,693
23,2144,514,731
23,2145,528,765
23,2146,539,793
23,2147,546,806
23,2148,548,808
23,2149,548,808
23,2150,549,808
23,2151,552,804
23,2152,558,785
23,2153,568,760
23,2154,577,732
23,2155,585,704
23,2156,592,675
23,2157,599,648
23,2158,603,626
23,2159,608,607
23,2160,611,595
23,2161,612,589
23,2162,613,587
23,2163,613,587
23,2164,613,587
23,2165,613,587
23,2166,614,594
23,2167,617,608
23,2168,623,631
23,2169,630,661
23,2170,639,699
23,2171,648,733
23,2172,657,761
23,2173,667,783
23,2174,672,794
23,2175,676,800
23,2176,678,801
23,2177,678,801
23,2178,678,801
23,2179,680,799
23,2180,685,785
23,2181,693,762
23,2182,704,733
23,2183,714,695
23,2184,723,660
23,2185,730,618
23,2186,735,582
23,2187,739,548
23,2188,743,522
23,2189,745,507
23,2190,746,498
23,2191,747,496
23,2192,747,496
23,2193,747,496
23,2194,747,496
24,2195,55,746
24,2196,55,746
24,2197,58,751
24,2198,61,759
24,2199,65,772
24,2200,69,787
24,2201,74,809
24,2202,78,832
24,2203,82,856
24,2204,89,879
24,2205,97,902
24,2206,105,921
24,2207,113,930
24,2208,116,934
24,2209,118,934
24,2210,118,934
24,2211,120,934
24,2212,130,924
24,2213,143,905
24,2214,159,882
24,2215,175,858
24,2216,196,821
24,2217,213,783
24,2218,224,748
24,2219,232,713
24,2220,236,688
24,2221,238,681
24,2222,238,680
24,2223,238,680
24,2224,238,680
24,2225,238,682
24,2226,240,694
24,2227,243,712
24,2228,248,738
24,2229,253,768
24,2230,259,811
24,2231,264,843
24,2232,274,876
24,2233,282,902
24,2234,290,922
24,2235,296,935
24,2236,302,942
24,2237,305,943
24,2238,306,943
24,2239,306,943
24,2240,309,943
24,2241,313,938
24,2242,322,929
24,2243,336,915
24,2244,352,895
24,2245,366,869
24,2246,381,832
24,2247,391,788
24,2248,399,751
24,2249,405,715
24,2250,407,698
24,2251,408,694
24,2252,408,693
24,2253,408,693
24,2254,408,693
25,2255,119,332
25,2256,119,336
25,2257,120,346
25,2258,121,363
25,2259,123,386
25,2260,126,419
25,2261,129,461
25,2262,134,509
25,2263,140,552
25,2264,147,590
25,2265,155,618
25,2266,162,633
25,2267,163,638
25,2268,164,638
25,2269,165,638
25,2270,172,630
25,2271,187,607
25,2272,203,581
25,2273,224,551
25,2274,241,516
25,2275,258,477
25,2276,272,430
25,2277,285,384
25,2278,295,345
25,2279,301,319
25,2280,304,307
25,2281,304,305
25,2282,304,305
25,2283,304,305
25,2284,304,310
25,2285,305,326
25,2286,309,352
25,2287,315,386
25,2288,319,421
25,2289,327,461
25,2290,336,500
25,2291,344,528
25,2292,351,549
25,2293,357,561
25,2294,361,566
25,2295,363,567
25,2296,363,567
25,2297,368,560
25,2298,384,531
25,2299,405,496
25,2300,424,461
25,2301,440,422
25,2302,452,377
25,2303,460,341
25,2304,469,311
25,2305,474,288
25,2306,476,279
25,2307,476,279
25,2308,476,279
25,2309,476,279
26,2310,464,106
26,2311,464,109
26,2312,464,119
26,2313,465,137
26,2314,468,162
26,2315,470,193
26,2316,473,234
26,2317,476,274
26,2318,479,311
26,2319,484,340
26,2320,489,362
26,2321,492,369
26,2322,492,369
26,2323,492,369
26,2324,494,369
26,2325,501,355
26,2326,516,327
26,2327,535,291
26,2328,555,249
26,2329,575,204
26,2330,589,164
26,2331,602,129
26,2332,611,98
26,2333,618,74
26,2334,620,67
26,2335,620,67
26,2336,620,67
26,2337,620,67
26,2338,621,73
26,2339,624,93
26,2340,630,120
26,2341,635,151
26,2342,641,182
26,2343,647,211
26,2344,655,241
26,2345,662,262
26,2346,668,274
26,2347,671,279
26,2348,672,281
26,2349,672,281
26,2350,674,281
26,2351,682,271
26,2352,697,249
26,2353,716,214
26,2354,733,172
26,2355,748,128
26,2356,759,84
26,2357,766,52
26,2358,769,36
26,2359,770,32
26,2360,770,32
26,2361,770,32
27,2362,70,107
27,2363,71,118
27,2364,73,138
27,2365,77,168
27,2366,85,209
27,2367,99,260
27,2368,111,306
27,2369,129,361
27,2370,144,401
27,2371,154,427
27,2372,160,443
27,2373,163,448
27,2374,163,448
27,2375,163,448
27,2376,163,446
27,2377,168,432
27,2378,180,405
27,2379,195,370
27,2380,212,332
27,2381,230,281
27,2382,243,237
27,2383,252,205
27,2384,258,191
27,2385,259,187
27,2386,259,187
27,2387,259,187
27,2388,259,190
27,2389,262,202
27,2390,268,228
27,2391,277,258
27,2392,291,301
27,2393,307,345
27,2394,324,384
27,2395,336,407
27,2396,344,419
27,2397,347,422
27,2398,347,422
27,2399,349,420
27,2400,357,407
27,2401,377,379
27,2402,403,344
27,2403,427,303
27,2404,447,253
27,2405,462,206
27,2406,471,172
27,2407,477,147
27,2408,478,139
27,2409,479,137
27,2410,479,137
27,2411,479,137
27,2412,479,137
28,2413,165,336
28,2414,166,338
28,2415,169,348
28,2416,171,364
28,2417,178,395
28,2418,189,443
28,2419,202,494
28,2420,216,549
28,2421,232,599
28,2422,245,639
28,2423,254,661
28,2424,259,667
28,2425,260,668
28,2426,260,668
28,2427,263,664
28,2428,271,644
28,2429,287,610
28,2430,304,575
28,2431,323,531
28,2432,344,483
28,2433,362,438
28,2434,373,405
28,2435,382,380
28,2436,387,367
28,2437,388,363
28,2438,388,363
28,2439,388,363
28,2440,388,366
28,2441,391,387
28,2442,392,417
28,2443,395,454
28,2444,399,496
28,2445,405,541
28,2446,409,578
28,2447,415,610
28,2448,424,632
28,2449,432,646
28,2450,436,651
28,2451,439,651
28,2452,440,651
28,2453,449,640
28,2454,469,610
28,2455,489,575
28,2456,512,531
28,2457,528,483
28,2458,540,434
28,2459,550,391
28,2460,554,360
28,2461,557,345
28,2462,558,341
28,2463,558,341
28,2464,558,341
29,2465,546,666
29,2466,546,666
29,2467,548,670
29,2468,550,681
29,2469,554,703
29,2470,557,728
29,2471,562,752
29,2472,565,781
29,2473,571,813
29,2474,579,840
29,2475,585,856
29,2476,588,861
29,2477,590,861
29,2478,591,860
29,2479,595,850
29,2480,600,830
29,2481,608,806
29,2482,617,778
29,2483,625,740
29,2484,634,706
29,2485,642,669
29,2486,650,639
29,2487,658,618
29,2488,662,607
29,2489,663,603
29,2490,663,602
29,2491,663,602
29,2492,663,602
29,2493,663,610
29,2494,666,630
29,2495,668,660
29,2496,672,703
29,2497,676,745
29,2498,681,786
29,2499,688,818
29,2500,695,841
29,2501,701,852
29,2502,704,855
29,2503,705,855
29,2504,706,854
29,2505,710,849
29,2506,719,832
29,2507,732,806
29,2508,745,776
29,2509,754,742
29,2510,764,701
29,2511,768,666
29,2512,773,640
29,2513,774,626
29,2514,775,621
29,2515,775,620
29,2516,775,620
29,2517,775,621
30,2518,39,748
30,2519,39,762
30,2520,39,783
30,2521,41,805
30,2522,45,831
30,2523,53,859
30,2524,60,888
30,2525,65,909
30,2526,72,927
30,2527,75,936
30,2528,77,940
30,2529,78,940
30,2530,80,937
30,2531,88,918
30,2532,103,892
30,2533,122,864
30,2534,143,834
30,2535,166,799
30,2536,188,762
30,2537,207,723
30,2538,220,693
30,2539,230,675
30,2540,232,670
30,2541,232,670
30,2542,232,670
30,2543,234,677
30,2544,238,705
30,2545,244,737
30,2546,253,777
30,2547,266,823
30,2548,283,863
30,2549,296,892
30,2550,308,913
30,2551,321,928
30,2552,332,936
30,2553,341,940
30,2554,351,941
30,2555,361,934
30,2556,376,912
30,2557,391,889
30,2558,407,860
30,2559,421,830
30,2560,433,794
30,2561,445,748
30,2562,456,713
30,2563,462,691
30,2564,464,683
30,2565,464,683
30,2566,464,683
31,2567,530,675
31,2568,535,684
31,2569,544,701
31,2570,559,727
31,2571,584,763
31,2572,616,808
31,2573,641,846
31,2574,666,883
31,2575,682,910
31,2576,693,927
31,2577,697,933
31,2578,698,933
31,2579,699,933
31,2580,703,923
31,2581,710,901
31,2582,716,874
31,2583,723,844
31,2584,729,816
31,2585,734,790
31,2586,736,772
31,2587,738,765
31,2588,740,763
31,2589,740,763
31,2590,740,763
31,2591,740,763
31,2592,743,775
31,2593,751,804
31,2594,760,832
31,2595,773,865
31,2596,787,895
31,2597,801,920
31,2598,812,937
31,2599,819,944
31,2600,823,945
31,2601,827,944
31,2602,833,933
31,2603,841,914
31,2604,847,895
31,2605,851,873
31,2606,854,853
31,2607,855,833
31,2608,855,815
31,2609,856,795
31,2610,856,778
31,2611,855,769
31,2612,855,767
32,2613,532,469
32,2614,536,480
32,2615,544,501
32,2616,559,541
32,2617,578,584
32,2618,595,623
32,2619,611,661
32,2620,626,686
32,2621,638,703
32,2622,645,711
32,2623,649,712
32,2624,653,711
32,2625,665,694
32,2626,683,665
32,2627,708,630
32,2628,735,590
32,2629,755,545
32,2630,772,500
32,2631,782,468
32,2632,788,454
32,2633,789,451
32,2634,789,451
32,2635,789,451
32,2636,789,456
32,2637,796,481
32,2638,803,512
32,2639,815,558
32,2640,823,608
32,2641,830,644
32,2642,838,669
32,2643,841,676
32,2644,841,676
32,2645,841,676
32,2646,844,665
32,2647,855,641
32,2648,866,612
32,2649,877,577
32,2650,888,535
32,2651,895,499
32,2652,900,473
32,2653,903,456
32,2654,903,450
32,2655,903,450
33,2656,455,326
33,2657,454,340
33,2658,449,361
33,2659,440,398
33,2660,426,444
33,2661,410,490
33,2662,392,535
33,2663,377,570
33,2664,365,599
33,2665,363,604
33,2666,363,604
33,2667,363,604
33,2668,362,597
33,2669,355,572
33,2670,347,538
33,2671,337,502
33,2672,327,463
33,2673,321,431
33,2674,318,403
33,2675,315,383
33,2676,313,374
33,2677,313,372
33,2678,313,372
33,2679,312,372
33,2680,312,376
33,2681,308,395
33,2682,302,430
33,2683,295,465
33,2684,285,508
33,2685,277,539
33,2686,270,557
33,2687,267,563
33,2688,267,563
33,2689,267,563
33,2690,266,558
33,2691,261,542
33,2692,255,516
33,2693,247,489
33,2694,238,451
33,2695,232,420
33,2696,227,395
33,2697,225,381
34,2698,47,197
34,2699,47,198
34,2700,47,207
34,2701,51,226
34,2702,58,259
34,2703,69,305
34,2704,84,357
34,2705,98,405
34,2706,108,439
34,2707,115,463
34,2708,119,472
34,2709,119,472
34,2710,120,472
34,2711,120,472
34,2712,129,457
34,2713,149,425
34,2714,169,387
34,2715,186,350
34,2716,199,312
34,2717,210,278
34,2718,219,252
34,2719,222,241
34,2720,223,240
34,2721,223,240
34,2722,223,240
34,2723,225,250
34,2724,230,279
34,2725,236,317
34,2726,243,355
34,2727,252,403
34,2728,260,435
34,2729,266,455
34,2730,269,461
34,2731,270,461
34,2732,270,461
34,2733,274,455
34,2734,289,430
34,2735,306,400
34,2736,327,351
34,2737,348,285
34,2738,360,238
34,2739,367,208
34,2740,370,196
34,2741,371,194
34,2742,371,194
35,2743,464,68
35,2744,464,69
35,2745,467,80
35,2746,471,98
35,2747,479,129
35,2748,492,167
35,2749,510,214
35,2750,524,258
35,2751,535,293
35,2752,542,313
35,2753,547,327
35,2754,550,334
35,2755,550,334
35,2756,550,334
35,2757,551,333
35,2758,558,316
35,2759,573,288
35,2760,594,247
35,2761,615,196
35,2762,631,157
35,2763,643,124
35,2764,649,106
35,2765,652,100
35,2766,652,100
35,2767,652,100
35,2768,653,104
35,2769,658,126
35,2770,666,164
35,2771,682,215
35,2772,702,271
35,2773,718,303
35,2774,723,311
35,2775,725,313
35,2776,725,313
35,2777,727,310
35,2778,739,291
35,2779,762,252
35,2780,786,203
35,2781,805,147
35,2782,816,99
35,2783,821,76
35,2784,821,72
35,2785,821,72
36,2786,56,63
36,2787,56,65
36,2788,56,72
36,2789,56,93
36,2790,59,135
36,2791,68,188
36,2792,82,249
36,2793,97,294
36,2794,106,317
36,2795,109,324
36,2796,109,324
36,2797,109,324
36,2798,111,324
36,2799,124,310
36,2800,149,277
36,2801,184,231
36,2802,215,179
36,2803,247,129
36,2804,268,94
36,2805,280,77
36,2806,285,72
36,2807,285,72
36,2808,285,72
36,2809,289,88
36,2810,295,115
36,2811,306,157
36,2812,319,211
36,2813,340,272
36,2814,352,303
36,2815,359,315
36,2816,362,316
36,2817,363,316
36,2818,375,300
36,2819,398,266
36,2820,429,224
36,2821,458,176
36,2822,484,123
36,2823,500,75
36,2824,507,55
36,2825,508,50
36,2826,508,50
37,2827,138,535
37,2828,142,542
37,2829,151,562
37,2830,165,602
37,2831,185,647
37,2832,205,690
37,2833,218,727
37,2834,228,757
37,2835,238,779
37,2836,242,787
37,2837,243,787
37,2838,245,787
37,2839,250,782
37,2840,261,762
37,2841,276,732
37,2842,292,687
37,2843,305,632
37,2844,320,567
37,2845,330,513
37,2846,334,492
37,2847,335,487
37,2848,335,487
37,2849,335,487
37,2850,335,488
37,2851,336,509
37,2852,346,565
37,2853,361,640
37,2854,384,719
37,2855,408,782
37,2856,433,835
37,2857,450,867
37,2858,464,882
37,2859,472,889
37,2860,473,889
37,2861,474,888
37,2862,480,873
37,2863,493,841
37,2864,511,796
37,2865,529,729
37,2866,546,646
37,2867,562,569
37,2868,571,515
37,2869,575,482
37,2870,577,469
37,2871,577,467
37,2872,577,467
37,2873,577,467
38,2874,76,142
38,2875,76,148
38,2876,79,165
38,2877,83,195
38,2878,93,244
38,2879,106,301
38,2880,115,362
38,2881,124,416
38,2882,131,450
38,2883,134,459
38,2884,134,460
38,2885,135,460
38,2886,135,460
38,2887,140,452
38,2888,157,426
38,2889,178,391
38,2890,206,341
38,2891,230,288
38,2892,254,223
38,2893,271,167
38,2894,283,133
38,2895,286,126
38,2896,286,126
38,2897,286,126
38,2898,288,137
38,2899,296,170
38,2900,308,208
38,2901,327,272
38,2902,351,344
38,2903,372,402
38,2904,387,446
38,2905,397,469
38,2906,401,477
38,2907,402,478
38,2908,403,478
38,2909,407,470
38,2910,424,438
38,2911,444,397
38,2912,466,348
38,2913,489,285
38,2914,508,214
38,2915,521,170
38,2916,529,145
38,2917,532,135
38,2918,532,132
38,2919,532,132
38,2920,532,132
39,2921,516,75
39,2922,525,95
39,2923,537,131
39,2924,557,181
39,2925,569,230
39,2926,575,276
39,2927,582,325
39,2928,593,371
39,2929,603,401
39,2930,609,411
39,2931,609,411
39,2932,610,411
39,2933,616,396
39,2934,631,363
39,2935,647,324
39,2936,667,270
39,2937,680,214
39,2938,694,158
39,2939,704,102
39,2940,709,70
39,2941,714,52
39,2942,715,52
39,2943,715,52
39,2944,715,53
39,2945,717,73
39,2946,722,107
39,2947,730,155
39,2948,746,223
39,2949,766,288
39,2950,784,333
39,2951,797,357
39,2952,801,362
39,2953,801,362
39,2954,804,357
39,2955,817,333
39,2956,836,294
39,2957,848,251
39,2958,856,206
39,2959,860,174
39,2960,862,163
39,2961,862,161
39,2962,862,161
39,2963,862,161
40,2964,100,752
40,2965,101,762
40,2966,104,780
40,2967,108,809
40,2968,113,844
40,2969,119,885
40,2970,126,923
40,2971,130,949
40,2972,132,959
40,2973,133,959
40,2974,135,958
40,2975,142,940
40,2976,152,917
40,2977,167,889
40,2978,187,853
40,2979,205,817
40,2980,223,783
40,2981,240,752
40,2982,250,734
40,2983,256,724
40,2984,258,721
40,2985,258,721
40,2986,258,721
40,2987,259,730
40,2988,265,759
40,2989,273,802
40,2990,283,852
40,2991,293,906
40,2992,304,949
40,2993,319,979
40,2994,325,984
40,2995,326,985
40,2996,329,982
40,2997,338,965
40,2998,351,941
40,2999,368,908
40,3000,384,873
40,3001,400,827
40,3002,412,787
40,3003,418,753
40,3004,421,741
40,3005,422,739
40,3006,422,738
40,3007,422,738
41,3008,549,687
41,3009,549,690
41,3010,552,701
41,3011,558,723
41,3012,569,754
41,3013,584,796
41,3014,597,835
41,3015,610,873
41,3016,622,908
41,3017,630,934
41,3018,636,945
41,3019,638,947
41,3020,638,947
41,3021,638,947
41,3022,641,941
41,3023,647,921
41,3024,657,890
41,3025,667,851
41,3026,675,809
41,3027,685,756
41,3028,694,707
41,3029,701,676
41,3030,703,662
41,3031,704,660
41,3032,704,660
41,3033,704,660
41,3034,709,680
41,3035,715,713
41,3036,728,762
41,3037,744,811
41,3038,755,848
41,3039,766,873
41,3040,770,881
41,3041,771,881
41,3042,771,881
41,3043,772,881
41,3044,775,876
41,3045,784,855
41,3046,793,820
41,3047,803,774
41,3048,810,724
41,3049,813,682
41,3050,814,650
42,3051,161,273
42,3052,172,304
42,3053,188,350
42,3054,210,425
42,3055,232,504
42,3056,248,568
42,3057,258,605
42,3058,263,617
42,3059,263,617
42,3060,265,613
42,3061,282,572
42,3062,307,519
42,3063,334,462
42,3064,361,387
42,3065,384,317
42,3066,400,266
42,3067,409,243
42,3068,411,238
42,3069,411,238
42,3070,412,245
42,3071,418,280
42,3072,430,326
42,3073,447,394
42,3074,471,467
42,3075,496,534
42,3076,511,565
42,3077,520,578
42,3078,523,579
42,3079,524,579
42,3080,533,562
42,3081,560,514
42,3082,594,442
42,3083,619,367
42,3084,637,282
42,3085,649,223
42,3086,653,201
42,3087,654,198
42,3088,654,198
43,3089,497,70
43,3090,501,75
43,3091,511,96
43,3092,526,133
43,3093,543,174
43,3094,555,216
43,3095,568,259
43,3096,581,300
43,3097,594,342
43,3098,605,368
43,3099,610,374
43,3100,610,374
43,3101,618,359
43,3102,636,323
43,3103,659,275
43,3104,681,227
43,3105,700,181
43,3106,714,144
43,3107,725,117
43,3108,733,103
43,3109,736,99
43,3110,736,99
43,3111,739,108
43,3112,750,138
43,3113,763,176
43,3114,780,224
43,3115,793,264
43,3116,799,282
43,3117,801,287
43,3118,802,287
43,3119,802,287
43,3120,810,275
43,3121,826,239
43,3122,838,196
43,3123,845,155
43,3124,848,129
43,3125,848,120
43,3126,848,118
44,3127,77,54
44,3128,77,54
44,3129,77,57
44,3130,77,73
44,3131,81,113
44,3132,94,175
44,3133,111,240
44,3134,127,292
44,3135,136,317
44,3136,138,319
44,3137,139,319
44,3138,142,313
44,3139,159,285
44,3140,178,250
44,3141,206,205
44,3142,233,154
44,3143,259,109
44,3144,279,81
44,3145,291,67
44,3146,297,64
44,3147,297,64
44,3148,299,72
44,3149,306,99
44,3150,317,139
44,3151,334,191
44,3152,354,245
44,3153,363,265
44,3154,367,271
44,3155,367,271
44,3156,369,271
44,3157,382,253
44,3158,412,210
44,3159,446,160
44,3160,476,108
44,3161,493,72
44,3162,500,58
44,3163,500,57
45,3164,120,461
45,3165,121,465
45,3166,125,485
45,3167,127,521
45,3168,131,567
45,3169,137,640
45,3170,140,712
45,3171,146,765
45,3172,149,775
45,3173,150,775
45,3174,154,772
45,3175,159,757
45,3176,169,729
45,3177,180,693
45,3178,193,653
45,3179,205,612
45,3180,216,566
45,3181,227,527
45,3182,235,498
45,3183,241,487
45,3184,241,487
45,3185,241,487
45,3186,244,499
45,3187,253,534
45,3188,264,584
45,3189,269,634
45,3190,277,684
45,3191,284,719
45,3192,293,739
45,3193,295,741
45,3194,295,741
45,3195,299,737
45,3196,312,707
45,3197,326,671
45,3198,341,615
45,3199,354,559
45,3200,366,505
45,3201,372,472
45,3202,374,462
45,3203,374,460
45,3204,374,460
46,3205,381,415
46,3206,381,420
46,3207,388,444
46,3208,400,485
46,3209,412,536
46,3210,422,587
46,3211,432,637
46,3212,441,681
46,3213,446,694
46,3214,447,695
46,3215,448,695
46,3216,450,691
46,3217,460,672
46,3218,477,641
46,3219,498,594
46,3220,517,525
46,3221,532,467
46,3222,545,419
46,3223,557,392
46,3224,565,377
46,3225,566,375
46,3226,566,375
46,3227,567,377
46,3228,573,401
46,3229,585,452
46,3230,600,518
46,3231,614,576
46,3232,629,617
46,3233,634,627
46,3234,634,627
46,3235,635,627
46,3236,645,611
46,3237,663,583
46,3238,685,532
46,3239,705,462
46,3240,714,398
46,3241,720,352
46,3242,723,326
46,3243,724,322
46,3244,724,322
46,3245,724,322
47,3246,163,714
47,3247,165,719
47,3248,170,734
47,3249,177,762
47,3250,189,804
47,3251,206,863
47,3252,220,909
47,3253,229,928
47,3254,233,932
47,3255,234,932
47,3256,241,922
47,3257,257,891
47,3258,280,853
47,3259,310,806
47,3260,333,758
47,3261,354,708
47,3262,364,686
47,3263,367,682
47,3264,367,682
47,3265,367,684
47,3266,373,704
47,3267,381,743
47,3268,391,791
47,3269,404,845
47,3270,419,889
47,3271,435,922
47,3272,446,933
47,3273,449,934
47,3274,450,934
47,3275,460,918
47,3276,480,886
47,3277,504,842
47,3278,531,789
47,3279,551,734
47,3280,564,691
47,3281,568,675
48,3282,442,642
48,3283,458,674
48,3284,475,716
48,3285,495,765
48,3286,515,812
48,3287,534,863
48,3288,550,900
48,3289,560,920
48,3290,567,929
48,3291,568,929
48,3292,570,926
48,3293,583,908
48,3294,602,882
48,3295,626,841
48,3296,644,799
48,3297,658,755
48,3298,667,722
48,3299,669,712
48,3300,669,711
48,3301,670,711
48,3302,671,721
48,3303,677,749
48,3304,686,788
48,3305,700,839
48,3306,712,877
48,3307,721,893
48,3308,724,895
48,3309,726,893
48,3310,743,874
48,3311,768,838
48,3312,784,801
48,3313,795,760
48,3314,805,711
48,3315,812,679
49,3316,469,287
49,3317,472,300
49,3318,480,328
49,3319,496,378
49,3320,525,449
49,3321,554,518
49,3322,576,570
49,3323,583,582
49,3324,584,583
49,3325,585,578
49,3326,595,554
49,3327,612,521
49,3328,628,483
49,3329,646,433
49,3330,661,379
49,3331,668,350
49,3332,671,340
49,3333,671,338
49,3334,671,338
49,3335,673,351
49,3336,681,392
49,3337,692,446
49,3338,712,520
49,3339,727,570
49,3340,732,579
49,3341,732,580
49,3342,733,579
49,3343,745,559
49,3344,764,527
49,3345,783,491
49,3346,798,449
49,3347,804,416
50,3348,37,34
50,3349,39,40
50,3350,43,55
50,3351,52,84
50,3352,65,125
50,3353,84,178
50,3354,106,235
50,3355,125,286
50,3356,140,317
50,3357,145,324
50,3358,146,324
50,3359,162,298
50,3360,192,256
50,3361,225,211
50,3362,259,155
50,3363,286,111
50,3364,299,85
50,3365,300,83
50,3366,300,83
50,3367,302,92
50,3368,311,137
50,3369,321,178
50,3370,329,221
50,3371,338,252
50,3372,344,263
50,3373,344,263
50,3374,344,263
50,3375,355,250
50,3376,384,216
50,3377,422,170
50,3378,457,118
50,3379,480,70
50,3380,492,37
50,3381,494,31
50,3382,494,31
50,3383,495,35
51,3384,242,267
51,3385,242,271
51,3386,250,296
51,3387,276,362
51,3388,302,436
51,3389,327,510
51,3390,342,562
51,3391,349,594
51,3392,351,599
51,3393,351,599
51,3394,362,579
51,3395,383,536
51,3396,406,481
51,3397,427,409
51,3398,442,345
51,3399,452,298
51,3400,455,286
51,3401,455,286
51,3402,455,287
51,3403,461,315
51,3404,474,369
51,3405,492,439
51,3406,522,532
51,3407,549,600
51,3408,566,633
51,3409,572,637
51,3410,574,631
51,3411,591,597
51,3412,616,539
51,3413,643,463
51,3414,660,367
51,3415,668,302
51,3416,672,268
51,3417,674,260
